created_date,party_key,status,action_codes,risk_rating,outcomes,explanations,risk_score,updated_date
2025-02-04 21:15:17.000,005b9dde-f538-483e-9b10-caca80d1b36d,ok,[],Low Risk,"{rca=no match, account_opening_decision=approve, risk_scoring_decision=false, others_lists=no match, fraud=false, adverse_media=no match, pep=no match, overall_customer_screening=no match, sanctions=no match, waiting_enrichment=false, internal_lists=no ma",[],235,2025-02-04 21:15:17.000
2024-12-11 04:30:33.000,00f1609b-bfc1-4e04-a2ca-f595d5ba77ef,ok,[],Low Risk,"{rca=no match, account_opening_decision=approve, risk_scoring_decision=false, others_lists=no match, fraud=false, adverse_media=no match, pep=no match, overall_customer_screening=no match, sanctions=no match, waiting_enrichment=false, internal_lists=no ma",[],210,2024-12-11 04:30:33.000
2024-10-22 07:32:17.000,0102dee6-510f-4911-9433-0170ef9eb72d,ok,[],Low Risk,"{rca=no match, account_opening_decision=approve, risk_scoring_decision=false, others_lists=no match, fraud=false, adverse_media=no match, pep=no match, overall_customer_screening=no match, sanctions=no match, waiting_enrichment=false, internal_lists=no ma",[],210,2024-10-22 07:32:17.000
2024-12-08 06:32:37.000,0111c977-bf73-48df-93dd-be9ca552edbc,ok,[],Low Risk,"{rca=no match, account_opening_decision=approve, risk_scoring_decision=false, others_lists=no match, fraud=false, adverse_media=no match, pep=no match, overall_customer_screening=no match, sanctions=no match, waiting_enrichment=false, internal_lists=no ma",[],210,2024-12-08 06:32:37.000
2024-10-22 05:36:43.000,019edf17-c063-462f-9807-58dac16e9704,ok,[],Low Risk,"{rca=no match, account_opening_decision=approve, risk_scoring_decision=false, others_lists=no match, fraud=false, adverse_media=no match, pep=no match, overall_customer_screening=no match, sanctions=no match, waiting_enrichment=false, internal_lists=no ma",[],210,2024-10-22 05:36:43.000
2024-10-25 07:16:18.000,01b33e91-4bd3-41be-bb9e-a91c0b90826d,ok,[],Low Risk,"{rca=no match, account_opening_decision=approve, risk_scoring_decision=false, others_lists=no match, fraud=false, adverse_media=no match, pep=no match, overall_customer_screening=no match, sanctions=no match, waiting_enrichment=false, internal_lists=no ma",[],210,2024-10-25 07:16:18.000
2024-11-04 10:21:21.000,01b4e01a-73de-4cd1-95bf-883717691e25,ok,[],Low Risk,"{rca=no match, account_opening_decision=approve, risk_scoring_decision=false, others_lists=no match, fraud=false, adverse_media=no match, pep=no match, overall_customer_screening=no match, sanctions=no match, waiting_enrichment=false, internal_lists=no ma",[],210,2024-11-04 10:21:21.000
2024-08-08 08:12:34.000,01f0b208-0e35-4cfb-9c1b-8f5281800238,ok,[],High Risk,"{rca=no match, account_opening_decision=review, risk_scoring_decision=true, others_lists=no match, fraud=false, adverse_media=no match, pep=no match, overall_customer_screening=no match, sanctions=no match, waiting_enrichment=true, internal_lists=no match",[],793,2024-08-08 08:12:34.000
2024-06-19 11:36:42.000,026a98c7-ee71-4793-96c0-35c1b49f738e,ok,[],Low Risk,"{rca=no match, account_opening_decision=approve, risk_scoring_decision=false, others_lists=no match, fraud=false, adverse_media=no match, pep=no match, overall_customer_screening=no match, sanctions=no match, waiting_enrichment=false, internal_lists=no ma",[],210,2024-06-19 11:36:42.000
2024-08-08 10:58:11.000,02ab4eab-ca8f-418c-afa0-19b3818a13a8,ok,[],Low Risk,"{rca=no match, account_opening_decision=approve, risk_scoring_decision=false, others_lists=no match, fraud=false, adverse_media=no match, pep=no match, overall_customer_screening=no match, sanctions=no match, waiting_enrichment=false, internal_lists=no ma",[],210,2024-08-08 10:58:11.000
2025-02-03 09:09:55.000,02e90c56-05ef-45f9-9f20-47a97d86adf2,ok,[],Low Risk,"{rca=no match, account_opening_decision=approve, risk_scoring_decision=false, others_lists=no match, fraud=false, adverse_media=no match, pep=no match, overall_customer_screening=no match, sanctions=no match, waiting_enrichment=false, internal_lists=no ma",[],235,2025-02-03 09:09:55.000
2024-11-21 12:54:01.000,033e16d4-a4ce-48d7-bf6a-5afb8bc1d167,ok,[],Low Risk,"{rca=no match, account_opening_decision=approve, risk_scoring_decision=false, others_lists=no match, fraud=false, adverse_media=no match, pep=no match, overall_customer_screening=no match, sanctions=no match, waiting_enrichment=false, internal_lists=no ma",[],210,2024-11-21 12:54:01.000
2024-11-14 11:51:46.000,034f254b-6e7f-4683-82e1-7f849428e976,ok,[],Low Risk,"{rca=no match, account_opening_decision=approve, risk_scoring_decision=false, others_lists=no match, fraud=false, adverse_media=no match, pep=no match, overall_customer_screening=no match, sanctions=no match, waiting_enrichment=false, internal_lists=no ma",[],210,2024-11-14 11:51:46.000
2024-10-23 05:35:03.000,0359d4c4-63df-46a9-800f-ea8b9c106d74,ok,[],Low Risk,"{rca=no match, account_opening_decision=approve, risk_scoring_decision=false, others_lists=no match, fraud=false, adverse_media=no match, pep=no match, overall_customer_screening=no match, sanctions=no match, waiting_enrichment=false, internal_lists=no ma",[],210,2024-10-23 05:35:03.000
2024-08-15 05:59:55.000,03928ec4-affe-4069-bba3-7805ffa2bafb,ok,[],Low Risk,"{rca=no match, account_opening_decision=approve, risk_scoring_decision=false, others_lists=no match, fraud=false, adverse_media=no match, pep=no match, overall_customer_screening=no match, sanctions=no match, waiting_enrichment=false, internal_lists=no ma",[],210,2024-08-15 05:59:55.000
2024-08-14 08:44:59.000,03993d9a-a814-4c29-92a6-a3e739dda332,ok,[],Low Risk,"{rca=no match, account_opening_decision=approve, risk_scoring_decision=false, others_lists=no match, fraud=false, adverse_media=no match, pep=no match, overall_customer_screening=no match, sanctions=no match, waiting_enrichment=false, internal_lists=no ma",[],210,2024-08-14 08:44:59.000
2024-07-15 12:17:58.000,03ae9cc6-0ebd-48d2-b1be-78a0f4b3d01d,ok,[],Low Risk,"{rca=no match, account_opening_decision=approve, risk_scoring_decision=false, others_lists=no match, fraud=false, adverse_media=no match, pep=no match, overall_customer_screening=no match, sanctions=no match, waiting_enrichment=false, internal_lists=no ma",[],210,2024-07-15 12:17:58.000
2024-11-05 11:19:39.000,03c6bfd0-6875-4c3d-ab97-5b0460490c04,ok,[],Low Risk,"{rca=no match, account_opening_decision=approve, risk_scoring_decision=false, others_lists=no match, fraud=false, adverse_media=no match, pep=no match, overall_customer_screening=no match, sanctions=no match, waiting_enrichment=false, internal_lists=no ma",[],210,2024-11-05 11:19:39.000
2024-12-13 04:10:39.000,03f3ae8d-6205-4cdb-912a-25fdd9fec43c,ok,[],Low Risk,"{rca=no match, account_opening_decision=approve, risk_scoring_decision=false, others_lists=no match, fraud=false, adverse_media=no match, pep=no match, overall_customer_screening=no match, sanctions=no match, waiting_enrichment=false, internal_lists=no ma",[],235,2024-12-13 04:10:39.000
2025-01-15 08:34:20.000,044e3948-1f6e-455e-987f-848fac35a969,ok,[],Low Risk,"{rca=no match, account_opening_decision=approve, risk_scoring_decision=false, others_lists=no match, fraud=false, adverse_media=no match, pep=no match, overall_customer_screening=no match, sanctions=no match, waiting_enrichment=false, internal_lists=no ma",[],235,2025-01-15 08:34:20.000
2024-11-08 08:41:40.000,04596ec7-f0ca-4580-97be-4029966c74c7,ok,[],Low Risk,"{rca=no match, account_opening_decision=approve, risk_scoring_decision=false, others_lists=no match, fraud=false, adverse_media=no match, pep=no match, overall_customer_screening=no match, sanctions=no match, waiting_enrichment=false, internal_lists=no ma",[],210,2024-11-08 08:41:40.000
2024-07-05 05:48:50.000,046c072d-c1d5-493e-80c2-67ae3a064abb,ok,[],Low Risk,"{rca=no match, account_opening_decision=approve, risk_scoring_decision=false, others_lists=no match, fraud=false, adverse_media=no match, pep=no match, overall_customer_screening=no match, sanctions=no match, waiting_enrichment=false, internal_lists=no ma",[],210,2024-07-05 05:48:50.000
2024-07-17 05:16:52.000,0507abc8-f45f-45ec-81e2-2a09d983ecaa,ok,[],Low Risk,"{rca=no match, account_opening_decision=review, risk_scoring_decision=false, others_lists=no match, fraud=false, adverse_media=no match, pep=no match, overall_customer_screening=no match, sanctions=no match, waiting_enrichment=false, internal_lists=no mat",[],210,2024-07-17 05:16:52.000
2025-01-20 11:58:37.000,053f5d48-95e8-4859-9e0d-987383d8155b,ok,[],Low Risk,"{rca=no match, account_opening_decision=approve, risk_scoring_decision=false, others_lists=no match, fraud=false, adverse_media=no match, pep=no match, overall_customer_screening=no match, sanctions=no match, waiting_enrichment=false, internal_lists=no ma",[],235,2025-01-20 11:58:37.000
2025-01-21 13:54:58.000,05aa3c0e-4104-4179-89b9-f9124fc1c481,ok,[],Low Risk,"{rca=no match, account_opening_decision=approve, risk_scoring_decision=false, others_lists=no match, fraud=false, adverse_media=no match, pep=no match, overall_customer_screening=no match, sanctions=no match, waiting_enrichment=false, internal_lists=no ma",[],235,2025-01-21 13:54:58.000
2024-11-04 06:38:08.000,05ad5d57-3ab2-4fd5-88db-d75f6603020b,ok,[],Low Risk,"{rca=no match, account_opening_decision=approve, risk_scoring_decision=false, others_lists=no match, fraud=false, adverse_media=no match, pep=no match, overall_customer_screening=no match, sanctions=no match, waiting_enrichment=false, internal_lists=no ma",[],210,2024-11-04 06:38:08.000
2024-11-05 04:41:24.000,0638af72-5239-4911-a349-3ed86490eabd,ok,[],Low Risk,"{rca=no match, account_opening_decision=approve, risk_scoring_decision=false, others_lists=no match, fraud=false, adverse_media=no match, pep=no match, overall_customer_screening=no match, sanctions=no match, waiting_enrichment=false, internal_lists=no ma",[],210,2024-11-05 04:41:24.000
2024-07-12 04:29:26.000,06bff5c9-4424-4893-99f1-47296232104f,ok,[],Low Risk,"{rca=no match, account_opening_decision=approve, risk_scoring_decision=false, others_lists=no match, fraud=false, adverse_media=no match, pep=no match, overall_customer_screening=no match, sanctions=no match, waiting_enrichment=false, internal_lists=no ma",[],210,2024-07-12 04:29:26.000
2024-07-17 14:11:54.000,0704626e-1dce-4929-9f23-7d8923c8369b,ok,[],Low Risk,"{rca=no match, account_opening_decision=review, risk_scoring_decision=false, others_lists=no match, fraud=false, adverse_media=no match, pep=no match, overall_customer_screening=no match, sanctions=no match, waiting_enrichment=false, internal_lists=no mat",[],210,2024-07-17 14:11:54.000
2024-11-22 03:21:17.000,0711c612-a6bb-45b7-8a39-0efa2117a748,ok,[],Low Risk,"{rca=no match, account_opening_decision=approve, risk_scoring_decision=false, others_lists=no match, fraud=false, adverse_media=no match, pep=no match, overall_customer_screening=no match, sanctions=no match, waiting_enrichment=false, internal_lists=no ma",[],210,2024-11-22 03:21:17.000
2024-09-09 14:53:02.000,0775e328-697e-4f57-b446-7ce156d28b30,ok,[],Low Risk,"{rca=no match, account_opening_decision=approve, risk_scoring_decision=false, others_lists=no match, fraud=false, adverse_media=no match, pep=no match, overall_customer_screening=no match, sanctions=no match, waiting_enrichment=false, internal_lists=no ma",[],210,2024-09-09 14:53:02.000
2024-12-10 13:47:24.000,07a02d5f-ceed-464c-8287-51a4128431fa,ok,[],Low Risk,"{rca=no match, account_opening_decision=approve, risk_scoring_decision=false, others_lists=no match, fraud=false, adverse_media=no match, pep=no match, overall_customer_screening=no match, sanctions=no match, waiting_enrichment=false, internal_lists=no ma",[],210,2024-12-10 13:47:24.000
2024-11-14 14:07:18.000,08aa06c2-aa7b-479b-8ba8-5255a6d5cb1d,ok,[],Low Risk,"{rca=no match, account_opening_decision=approve, risk_scoring_decision=false, others_lists=no match, fraud=false, adverse_media=no match, pep=no match, overall_customer_screening=no match, sanctions=no match, waiting_enrichment=false, internal_lists=no ma",[],210,2024-11-14 14:07:18.000
2024-06-24 03:30:35.000,08bf7081-2463-4a65-a74e-c14f292a8fa7,ok,[],Low Risk,"{rca=no match, account_opening_decision=approve, risk_scoring_decision=false, others_lists=no match, fraud=false, adverse_media=no match, pep=no match, overall_customer_screening=no match, sanctions=no match, waiting_enrichment=false, internal_lists=no ma",[],210,2024-06-24 03:30:35.000
2024-07-05 14:55:46.000,08ce1b69-3ef7-4093-8994-001d2604f295,ok,[],Low Risk,"{rca=no match, account_opening_decision=approve, risk_scoring_decision=false, others_lists=no match, fraud=false, adverse_media=no match, pep=no match, overall_customer_screening=no match, sanctions=no match, waiting_enrichment=false, internal_lists=no ma",[],210,2024-07-05 14:55:46.000
2024-09-03 17:37:56.000,08d9e4ac-958d-46a3-bac5-f0d47165ab16,ok,[],Low Risk,"{rca=no match, account_opening_decision=approve, risk_scoring_decision=false, others_lists=no match, fraud=false, adverse_media=no match, pep=no match, overall_customer_screening=no match, sanctions=no match, waiting_enrichment=false, internal_lists=no ma",[],210,2024-09-03 17:37:56.000
2024-10-11 08:53:56.000,092b340a-2c16-496f-bf93-09c070da1ceb,ok,[],High Risk,"{rca=no match, account_opening_decision=review, risk_scoring_decision=true, others_lists=no match, fraud=false, adverse_media=no match, pep=no match, overall_customer_screening=no match, sanctions=no match, waiting_enrichment=true, internal_lists=no match",[],793,2024-10-11 08:53:56.000
2024-06-07 07:27:55.000,09749d2a-afcd-4ff4-8b64-f4aa6790f4db,ok,[],High Risk,"{rca=no match, account_opening_decision=approve, risk_scoring_decision=true, others_lists=no match, fraud=false, adverse_media=no match, pep=no match, overall_customer_screening=no match, sanctions=no match, waiting_enrichment=false, internal_lists=no mat",[],793,2024-06-07 07:27:55.000
2024-11-25 10:08:06.000,0a0f60ce-ace0-42a1-ab7d-36d7e45daf29,ok,[],Low Risk,"{rca=no match, account_opening_decision=approve, risk_scoring_decision=false, others_lists=no match, fraud=false, adverse_media=no match, pep=no match, overall_customer_screening=no match, sanctions=no match, waiting_enrichment=false, internal_lists=no ma",[],210,2024-11-25 10:08:06.000
2024-11-15 08:15:06.000,0a1c26f0-cf93-4ab8-8326-ce6d224c1bbe,ok,[],Low Risk,"{rca=no match, account_opening_decision=approve, risk_scoring_decision=false, others_lists=no match, fraud=false, adverse_media=no match, pep=no match, overall_customer_screening=no match, sanctions=no match, waiting_enrichment=false, internal_lists=no ma",[],210,2024-11-15 08:15:06.000
2025-01-22 17:05:20.000,0a972bbd-2870-4837-b847-fe3ac6fe7777,ok,[],Low Risk,"{rca=no match, account_opening_decision=approve, risk_scoring_decision=false, others_lists=no match, fraud=false, adverse_media=no match, pep=no match, overall_customer_screening=no match, sanctions=no match, waiting_enrichment=false, internal_lists=no ma",[],235,2025-01-22 17:05:20.000
2024-07-15 07:47:31.000,0ba7f707-e075-4a2a-b253-b2899a7aa070,ok,[],Low Risk,"{rca=no match, account_opening_decision=approve, risk_scoring_decision=false, others_lists=no match, fraud=false, adverse_media=no match, pep=no match, overall_customer_screening=no match, sanctions=no match, waiting_enrichment=false, internal_lists=no ma",[],210,2024-07-15 07:47:31.000
2024-09-20 05:02:38.000,0c08804d-b76d-4e72-850e-da0395760ed5,ok,[],Low Risk,"{rca=no match, account_opening_decision=approve, risk_scoring_decision=false, others_lists=no match, fraud=false, adverse_media=no match, pep=no match, overall_customer_screening=no match, sanctions=no match, waiting_enrichment=false, internal_lists=no ma",[],210,2024-09-20 05:02:38.000
2024-11-14 04:57:00.000,0c288adf-a608-41c4-b02c-3dbf5e99806f,ok,[],Low Risk,"{rca=no match, account_opening_decision=approve, risk_scoring_decision=false, others_lists=no match, fraud=false, adverse_media=no match, pep=no match, overall_customer_screening=no match, sanctions=no match, waiting_enrichment=false, internal_lists=no ma",[],210,2024-11-14 04:57:00.000
2025-01-17 11:56:28.000,0c3ed2f7-afca-48ae-a850-54a586e41bf8,ok,[],Low Risk,"{rca=no match, account_opening_decision=approve, risk_scoring_decision=false, others_lists=no match, fraud=false, adverse_media=no match, pep=no match, overall_customer_screening=no match, sanctions=no match, waiting_enrichment=false, internal_lists=no ma",[],235,2025-01-17 11:56:28.000
2024-11-05 14:04:58.000,0c467a8b-1db5-4900-a90d-ecc2015e50ce,ok,[],Low Risk,"{rca=no match, account_opening_decision=approve, risk_scoring_decision=false, others_lists=no match, fraud=false, adverse_media=no match, pep=no match, overall_customer_screening=no match, sanctions=no match, waiting_enrichment=false, internal_lists=no ma",[],210,2024-11-05 14:04:58.000
2024-11-05 09:52:16.000,0cc1bb15-ccaa-4ee7-9f1a-02645e7dfa31,ok,[],Low Risk,"{rca=no match, account_opening_decision=approve, risk_scoring_decision=false, others_lists=no match, fraud=false, adverse_media=no match, pep=no match, overall_customer_screening=no match, sanctions=no match, waiting_enrichment=false, internal_lists=no ma",[],210,2024-11-05 09:52:16.000
2024-08-15 08:02:29.000,0cda3e06-36db-4f9f-9af8-da1b0a5ea1fe,ok,[],High Risk,"{rca=no match, account_opening_decision=review, risk_scoring_decision=true, others_lists=no match, fraud=false, adverse_media=no match, pep=no match, overall_customer_screening=no match, sanctions=no match, waiting_enrichment=true, internal_lists=no match",[],793,2024-08-15 08:02:29.000
2024-11-25 08:36:27.000,0cddd9df-fdda-4a21-b6f8-641f0027ed5c,ok,[],Low Risk,"{rca=no match, account_opening_decision=approve, risk_scoring_decision=false, others_lists=no match, fraud=false, adverse_media=no match, pep=no match, overall_customer_screening=no match, sanctions=no match, waiting_enrichment=false, internal_lists=no ma",[],210,2024-11-25 08:36:27.000
2024-08-28 12:50:34.000,0d510b0d-4908-4be2-b77c-a098b54777ad,ok,[],Low Risk,"{rca=no match, account_opening_decision=approve, risk_scoring_decision=false, others_lists=no match, fraud=false, adverse_media=no match, pep=no match, overall_customer_screening=no match, sanctions=no match, waiting_enrichment=false, internal_lists=no ma",[],210,2024-08-28 12:50:34.000
2024-09-04 12:55:31.000,0d73318c-cfef-40b3-975a-414e41a5419a,ok,[],Low Risk,"{rca=no match, account_opening_decision=approve, risk_scoring_decision=false, others_lists=no match, fraud=false, adverse_media=no match, pep=no match, overall_customer_screening=no match, sanctions=no match, waiting_enrichment=false, internal_lists=no ma",[],210,2024-09-04 12:55:31.000
2024-11-05 18:25:32.000,0d86ba1e-323d-422c-a0f9-8bf1fffda12a,ok,[],Low Risk,"{rca=no match, account_opening_decision=approve, risk_scoring_decision=false, others_lists=no match, fraud=false, adverse_media=no match, pep=no match, overall_customer_screening=no match, sanctions=no match, waiting_enrichment=false, internal_lists=no ma",[],210,2024-11-05 18:25:32.000
2024-11-08 13:44:38.000,0dcf2c9e-8d11-41b7-8dca-d7058d2cee21,ok,[],Low Risk,"{rca=no match, account_opening_decision=approve, risk_scoring_decision=false, others_lists=no match, fraud=false, adverse_media=no match, pep=no match, overall_customer_screening=no match, sanctions=no match, waiting_enrichment=false, internal_lists=no ma",[],210,2024-11-08 13:44:38.000
2024-12-05 12:43:04.000,0e14a3af-06a2-4c2f-b67b-edd4778ec94c,ok,[],Low Risk,"{rca=no match, account_opening_decision=approve, risk_scoring_decision=false, others_lists=no match, fraud=false, adverse_media=no match, pep=no match, overall_customer_screening=no match, sanctions=no match, waiting_enrichment=false, internal_lists=no ma",[],210,2024-12-05 12:43:04.000
2024-05-28 11:13:32.000,0e5feabc-d83e-4308-aa93-630dd92124af,ok,[],Low Risk,"{rca=no match, account_opening_decision=approve, risk_scoring_decision=false, others_lists=no match, fraud=false, adverse_media=no match, pep=no match, overall_customer_screening=no match, sanctions=no match, waiting_enrichment=false, internal_lists=no ma",[],210,2024-05-28 11:13:32.000
2024-08-02 07:42:03.000,0eca5c05-55c4-42ed-a041-f681b12600f1,ok,[],Low Risk,"{rca=no match, account_opening_decision=approve, risk_scoring_decision=false, others_lists=no match, fraud=false, adverse_media=no match, pep=no match, overall_customer_screening=no match, sanctions=no match, waiting_enrichment=false, internal_lists=no ma",[],210,2024-08-02 07:42:03.000
2024-09-20 09:58:25.000,0f4af134-06ac-4bc9-9631-ba9375484c22,ok,[],Low Risk,"{rca=no match, account_opening_decision=approve, risk_scoring_decision=false, others_lists=no match, fraud=false, adverse_media=no match, pep=no match, overall_customer_screening=no match, sanctions=no match, waiting_enrichment=false, internal_lists=no ma",[],210,2024-09-20 09:58:25.000
2024-07-05 13:04:51.000,0fbad3cf-f5be-4508-b63d-ee1254ee8a2d,ok,[],Low Risk,"{rca=no match, account_opening_decision=approve, risk_scoring_decision=false, others_lists=no match, fraud=false, adverse_media=no match, pep=no match, overall_customer_screening=no match, sanctions=no match, waiting_enrichment=false, internal_lists=no ma",[],210,2024-07-05 13:04:51.000
2025-01-17 07:39:03.000,101b69bd-3e9f-45d4-93e9-127a86cc80f1,ok,[],Low Risk,"{rca=no match, account_opening_decision=approve, risk_scoring_decision=false, others_lists=no match, fraud=false, adverse_media=no match, pep=no match, overall_customer_screening=no match, sanctions=no match, waiting_enrichment=false, internal_lists=no ma",[],235,2025-01-17 07:39:03.000
2024-08-01 08:54:22.000,1025913c-d17c-4607-9b8a-e09c88ac9b36,ok,[],High Risk,"{rca=no match, account_opening_decision=review, risk_scoring_decision=true, others_lists=no match, fraud=false, adverse_media=no match, pep=no match, overall_customer_screening=no match, sanctions=no match, waiting_enrichment=true, internal_lists=no match",[],793,2024-08-01 08:54:22.000
2024-11-12 12:06:00.000,1027dbf1-d76c-4281-ab82-f700da1c16a3,ok,[],Low Risk,"{rca=no match, account_opening_decision=approve, risk_scoring_decision=false, others_lists=no match, fraud=false, adverse_media=no match, pep=no match, overall_customer_screening=no match, sanctions=no match, waiting_enrichment=false, internal_lists=no ma",[],210,2024-11-12 12:06:00.000
2025-01-24 08:59:27.000,108ec45a-96f8-4112-8525-5d9de0061dba,ok,[],Low Risk,"{rca=no match, account_opening_decision=approve, risk_scoring_decision=false, others_lists=no match, fraud=false, adverse_media=no match, pep=no match, overall_customer_screening=no match, sanctions=no match, waiting_enrichment=false, internal_lists=no ma",[],235,2025-01-24 08:59:27.000
2024-11-05 09:25:45.000,10975484-3943-4450-b8cb-45ede9b107a4,ok,[],Low Risk,"{rca=no match, account_opening_decision=approve, risk_scoring_decision=false, others_lists=no match, fraud=false, adverse_media=no match, pep=no match, overall_customer_screening=no match, sanctions=no match, waiting_enrichment=false, internal_lists=no ma",[],210,2024-11-05 09:25:45.000
2025-01-15 04:15:34.000,10c719fd-a63d-413c-885c-58d4b27390da,ok,[],Low Risk,"{rca=no match, account_opening_decision=approve, risk_scoring_decision=false, others_lists=no match, fraud=false, adverse_media=no match, pep=no match, overall_customer_screening=no match, sanctions=no match, waiting_enrichment=false, internal_lists=no ma",[],235,2025-01-15 04:15:34.000
2024-11-18 04:52:04.000,11681b50-03fd-43d2-aaba-254fa42bb091,ok,[],Low Risk,"{rca=no match, account_opening_decision=approve, risk_scoring_decision=false, others_lists=no match, fraud=false, adverse_media=no match, pep=no match, overall_customer_screening=no match, sanctions=no match, waiting_enrichment=false, internal_lists=no ma",[],210,2024-11-18 04:52:04.000
2024-10-09 09:55:32.000,11f5ae5d-05ae-40af-a016-dca9823b620b,ok,[],Low Risk,"{rca=no match, account_opening_decision=approve, risk_scoring_decision=false, others_lists=no match, fraud=false, adverse_media=no match, pep=no match, overall_customer_screening=no match, sanctions=no match, waiting_enrichment=false, internal_lists=no ma",[],210,2024-10-09 09:55:32.000
2024-09-26 02:45:19.000,1225f336-1638-4e80-8b6d-f3ff3b7761fd,ok,[],Low Risk,"{rca=no match, account_opening_decision=approve, risk_scoring_decision=false, others_lists=no match, fraud=false, adverse_media=no match, pep=no match, overall_customer_screening=no match, sanctions=no match, waiting_enrichment=false, internal_lists=no ma",[],210,2024-09-26 02:45:19.000
2024-05-28 19:32:29.000,122ba44f-2ef7-456d-bfd7-baf7de5f3237,ok,[],Low Risk,"{rca=no match, account_opening_decision=approve, risk_scoring_decision=false, others_lists=no match, fraud=false, adverse_media=no match, pep=no match, overall_customer_screening=no match, sanctions=no match, waiting_enrichment=false, internal_lists=no ma",[],210,2024-05-28 19:32:29.000
2024-12-11 08:21:45.000,1234ccb8-5eca-4302-82da-9e293d0c696f,ok,[],Low Risk,"{rca=no match, account_opening_decision=approve, risk_scoring_decision=false, others_lists=no match, fraud=false, adverse_media=no match, pep=no match, overall_customer_screening=no match, sanctions=no match, waiting_enrichment=false, internal_lists=no ma",[],210,2024-12-11 08:21:45.000
2024-11-14 04:48:01.000,1277a29b-a0a9-41eb-8de6-58f622992fe1,ok,[],Low Risk,"{rca=no match, account_opening_decision=approve, risk_scoring_decision=false, others_lists=no match, fraud=false, adverse_media=no match, pep=no match, overall_customer_screening=no match, sanctions=no match, waiting_enrichment=false, internal_lists=no ma",[],210,2024-11-14 04:48:01.000
2024-08-30 10:32:37.000,12c381c6-be3c-457d-91f5-4ddcb63c0772,ok,[],Low Risk,"{rca=no match, account_opening_decision=approve, risk_scoring_decision=false, others_lists=no match, fraud=false, adverse_media=no match, pep=no match, overall_customer_screening=no match, sanctions=no match, waiting_enrichment=false, internal_lists=no ma",[],210,2024-08-30 10:32:37.000
2024-08-30 11:00:39.000,12d5395c-8014-43bb-adec-a4678bc87654,ok,[],Low Risk,"{rca=no match, account_opening_decision=approve, risk_scoring_decision=false, others_lists=no match, fraud=false, adverse_media=no match, pep=no match, overall_customer_screening=no match, sanctions=no match, waiting_enrichment=false, internal_lists=no ma",[],210,2024-08-30 11:00:39.000
2024-05-28 16:28:07.000,12dcf59d-e092-4837-b038-3291c4076867,ok,[],Low Risk,"{rca=no match, account_opening_decision=approve, risk_scoring_decision=false, others_lists=no match, fraud=false, adverse_media=no match, pep=no match, overall_customer_screening=no match, sanctions=no match, waiting_enrichment=false, internal_lists=no ma",[],210,2024-05-28 16:28:07.000
2024-12-09 08:43:24.000,13f2b523-36f7-4cbb-87df-21ae4c87782c,ok,[],Low Risk,"{rca=no match, account_opening_decision=approve, risk_scoring_decision=false, others_lists=no match, fraud=false, adverse_media=no match, pep=no match, overall_customer_screening=no match, sanctions=no match, waiting_enrichment=false, internal_lists=no ma",[],210,2024-12-09 08:43:24.000
2025-01-21 10:10:47.000,14153998-2fe8-4278-9a04-f43cbb9b2094,ok,[],Low Risk,"{rca=no match, account_opening_decision=approve, risk_scoring_decision=false, others_lists=no match, fraud=false, adverse_media=no match, pep=no match, overall_customer_screening=no match, sanctions=no match, waiting_enrichment=false, internal_lists=no ma",[],235,2025-01-21 10:10:47.000
2024-09-06 12:57:04.000,14260b8f-4886-4e13-815f-a1981da17c1f,ok,[],Low Risk,"{rca=no match, account_opening_decision=approve, risk_scoring_decision=false, others_lists=no match, fraud=false, adverse_media=no match, pep=no match, overall_customer_screening=no match, sanctions=no match, waiting_enrichment=false, internal_lists=no ma",[],210,2024-09-06 12:57:04.000
2024-06-20 14:42:22.000,14a5d728-887b-4c0b-94aa-b946b886cc86,ok,[],Low Risk,"{rca=no match, account_opening_decision=approve, risk_scoring_decision=false, others_lists=no match, fraud=false, adverse_media=no match, pep=no match, overall_customer_screening=no match, sanctions=no match, waiting_enrichment=false, internal_lists=no ma",[],210,2024-06-20 14:42:22.000
2024-10-03 12:50:05.000,14c39929-d57f-4b3b-b7d2-7ab4b29b339f,ok,[],Low Risk,"{rca=no match, account_opening_decision=approve, risk_scoring_decision=false, others_lists=no match, fraud=false, adverse_media=no match, pep=no match, overall_customer_screening=no match, sanctions=no match, waiting_enrichment=false, internal_lists=no ma",[],210,2024-10-03 12:50:05.000
2024-06-19 13:54:43.000,14cd78a0-c362-4263-bbae-3dc413550571,ok,[],Low Risk,"{rca=no match, account_opening_decision=approve, risk_scoring_decision=false, others_lists=no match, fraud=false, adverse_media=no match, pep=no match, overall_customer_screening=no match, sanctions=no match, waiting_enrichment=false, internal_lists=no ma",[],210,2024-06-19 13:54:43.000
2024-08-28 13:05:41.000,1525476f-6671-4331-8149-3162253e82df,ok,[],Low Risk,"{rca=no match, account_opening_decision=approve, risk_scoring_decision=false, others_lists=no match, fraud=false, adverse_media=no match, pep=no match, overall_customer_screening=no match, sanctions=no match, waiting_enrichment=false, internal_lists=no ma",[],210,2024-08-28 13:05:41.000
2025-01-10 04:09:33.000,1553b19e-1123-4fc5-933a-44a9b6a52c6f,ok,[],Low Risk,"{rca=no match, account_opening_decision=approve, risk_scoring_decision=false, others_lists=no match, fraud=false, adverse_media=no match, pep=no match, overall_customer_screening=no match, sanctions=no match, waiting_enrichment=false, internal_lists=no ma",[],235,2025-01-10 04:09:33.000
2024-08-08 10:12:04.000,15a806fa-4605-4dfb-87da-a204e40a802f,ok,[],Low Risk,"{rca=no match, account_opening_decision=approve, risk_scoring_decision=false, others_lists=no match, fraud=false, adverse_media=no match, pep=no match, overall_customer_screening=no match, sanctions=no match, waiting_enrichment=false, internal_lists=no ma",[],210,2024-08-08 10:12:04.000
2025-01-13 04:34:18.000,15bacce6-12ab-45e3-aa63-9486d4e58cfb,ok,[],Low Risk,"{rca=no match, account_opening_decision=approve, risk_scoring_decision=false, others_lists=no match, fraud=false, adverse_media=no match, pep=no match, overall_customer_screening=no match, sanctions=no match, waiting_enrichment=false, internal_lists=no ma",[],235,2025-01-13 04:34:18.000
2024-11-08 13:00:19.000,15e1f3e3-a839-42af-b1ef-51a02ada6f5e,ok,[],Low Risk,"{rca=no match, account_opening_decision=approve, risk_scoring_decision=false, others_lists=no match, fraud=false, adverse_media=no match, pep=no match, overall_customer_screening=no match, sanctions=no match, waiting_enrichment=false, internal_lists=no ma",[],210,2024-11-08 13:00:19.000
2024-09-02 09:38:06.000,160a4817-d87f-4a97-b601-89f0013102a2,ok,[],Low Risk,"{rca=no match, account_opening_decision=approve, risk_scoring_decision=false, others_lists=no match, fraud=false, adverse_media=no match, pep=no match, overall_customer_screening=no match, sanctions=no match, waiting_enrichment=false, internal_lists=no ma",[],210,2024-09-02 09:38:06.000
2024-08-05 07:51:28.000,160e4513-078c-4e18-9168-f6d8dabf2c9d,ok,[],Low Risk,"{rca=no match, account_opening_decision=approve, risk_scoring_decision=false, others_lists=no match, fraud=false, adverse_media=no match, pep=no match, overall_customer_screening=no match, sanctions=no match, waiting_enrichment=false, internal_lists=no ma",[],210,2024-08-05 07:51:28.000
2025-02-04 04:53:55.000,164c58ab-0da6-422e-8fc0-dfe14553fb29,ok,[],Low Risk,"{rca=no match, account_opening_decision=approve, risk_scoring_decision=false, others_lists=no match, fraud=false, adverse_media=no match, pep=no match, overall_customer_screening=no match, sanctions=no match, waiting_enrichment=false, internal_lists=no ma",[],235,2025-02-04 04:53:55.000
2024-10-17 19:49:39.000,1688ab65-2c1b-4d06-99cb-3817af0f235c,ok,[],Low Risk,"{rca=no match, account_opening_decision=approve, risk_scoring_decision=false, others_lists=no match, fraud=false, adverse_media=no match, pep=no match, overall_customer_screening=no match, sanctions=no match, waiting_enrichment=false, internal_lists=no ma",[],210,2024-10-17 19:49:39.000
2024-11-04 06:29:36.000,16dd0692-2ddb-4f1a-b3f2-f00c99fd4d08,ok,[],Low Risk,"{rca=no match, account_opening_decision=approve, risk_scoring_decision=false, others_lists=no match, fraud=false, adverse_media=no match, pep=no match, overall_customer_screening=no match, sanctions=no match, waiting_enrichment=false, internal_lists=no ma",[],210,2024-11-04 06:29:36.000
2024-08-02 10:40:50.000,172550b4-46a2-4193-af61-41a9d4149d2e,ok,[],Low Risk,"{rca=no match, account_opening_decision=approve, risk_scoring_decision=false, others_lists=no match, fraud=false, adverse_media=no match, pep=no match, overall_customer_screening=no match, sanctions=no match, waiting_enrichment=false, internal_lists=no ma",[],210,2024-08-02 10:40:50.000
2025-01-15 09:02:56.000,1762ebc2-67e3-4a9d-ae3c-637836a5296d,ok,[],Low Risk,"{rca=no match, account_opening_decision=approve, risk_scoring_decision=false, others_lists=no match, fraud=false, adverse_media=no match, pep=no match, overall_customer_screening=no match, sanctions=no match, waiting_enrichment=false, internal_lists=no ma",[],235,2025-01-15 09:02:56.000
2024-09-02 06:50:26.000,177c0b8e-66ec-4c29-8c49-4630778ae061,ok,[],Low Risk,"{rca=no match, account_opening_decision=approve, risk_scoring_decision=false, others_lists=no match, fraud=false, adverse_media=no match, pep=no match, overall_customer_screening=no match, sanctions=no match, waiting_enrichment=false, internal_lists=no ma",[],210,2024-09-02 06:50:26.000
2024-09-04 09:42:54.000,178fc56d-741a-4943-b8ab-6a8226992581,ok,[],Low Risk,"{rca=no match, account_opening_decision=approve, risk_scoring_decision=false, others_lists=no match, fraud=false, adverse_media=no match, pep=no match, overall_customer_screening=no match, sanctions=no match, waiting_enrichment=false, internal_lists=no ma",[],210,2024-09-04 09:42:54.000
2025-01-15 04:25:15.000,17b50ea2-32b2-4ab0-8f51-c3fdc3b52f13,ok,[],Low Risk,"{rca=no match, account_opening_decision=approve, risk_scoring_decision=false, others_lists=no match, fraud=false, adverse_media=no match, pep=no match, overall_customer_screening=no match, sanctions=no match, waiting_enrichment=false, internal_lists=no ma",[],235,2025-01-15 04:25:15.000
2025-01-08 08:35:43.000,17db2f68-19f1-4995-b04b-c52db0d25a3c,ok,[],Low Risk,"{rca=no match, account_opening_decision=approve, risk_scoring_decision=false, others_lists=no match, fraud=false, adverse_media=no match, pep=no match, overall_customer_screening=no match, sanctions=no match, waiting_enrichment=false, internal_lists=no ma",[],235,2025-01-08 08:35:43.000
2024-10-14 05:17:21.000,17e41b99-060b-4a48-9aea-127e38c701de,ok,[],Low Risk,"{rca=no match, account_opening_decision=approve, risk_scoring_decision=false, others_lists=no match, fraud=false, adverse_media=no match, pep=no match, overall_customer_screening=no match, sanctions=no match, waiting_enrichment=false, internal_lists=no ma",[],210,2024-10-14 05:17:21.000
2024-06-25 15:54:33.000,182ab76b-c7e9-47af-a83b-ec67c5bd216e,ok,[],Low Risk,"{rca=no match, account_opening_decision=approve, risk_scoring_decision=false, others_lists=no match, fraud=false, adverse_media=no match, pep=no match, overall_customer_screening=no match, sanctions=no match, waiting_enrichment=false, internal_lists=no ma",[],210,2024-06-25 15:54:33.000
2024-12-05 08:12:54.000,18b2f12a-3354-4c52-a59d-33da935fbfcf,ok,[],Low Risk,"{rca=no match, account_opening_decision=approve, risk_scoring_decision=false, others_lists=no match, fraud=false, adverse_media=no match, pep=no match, overall_customer_screening=no match, sanctions=no match, waiting_enrichment=false, internal_lists=no ma",[],210,2024-12-05 08:12:54.000
2024-10-11 06:43:26.000,1911b266-2be4-43b7-8d74-f2faf92b7dc0,ok,[],Low Risk,"{rca=no match, account_opening_decision=approve, risk_scoring_decision=false, others_lists=no match, fraud=false, adverse_media=no match, pep=no match, overall_customer_screening=no match, sanctions=no match, waiting_enrichment=false, internal_lists=no ma",[],210,2024-10-11 06:43:26.000
2024-12-12 05:26:28.000,19893e60-e077-4364-9615-09390ef7a93f,ok,[],Low Risk,"{rca=no match, account_opening_decision=approve, risk_scoring_decision=false, others_lists=no match, fraud=false, adverse_media=no match, pep=no match, overall_customer_screening=no match, sanctions=no match, waiting_enrichment=false, internal_lists=no ma",[],235,2024-12-12 05:26:28.000
